c8mahler,Mahler,Gustav,LEC0201
c9magnar,Magnard,Alberic,LEC0101
c6scriab,Scriabin,Alexander
g8butter,Butterworth,George,LEC0101
c5granad,Granados,Enrique,LEC0101
g9regerm,Reger,Max,LEC0201
c8debuss,Debussy,Claude,LEC0101
